smiles,LUMO
C4=CC5=C(C1=CC=C([N]1)C(=C2C=CC(=N2)C(=C3C=CC(=N3)C(=C4[N]5)C1=CC=C(C=C1)C(=O)O)C1=CC=C(C=C1)C(=O)O)C1=CC=C(C=C1)C(=O)O)C1=CC=C(C=C1)C(=O)O.[Fe],-3.299926478
C4=CC5=C(C1=CC=C([N]1)C(=C2C=CC(=N2)C(=C3C=CC(=N3)C(=C4[N]5)C1(=C(C(=C(C(=C1[F])[F])[F])[F])[F]))C1=CC=C(C=C1)[N+](=O)[O-])C1(=C(C(=C(C(=C1[F])[F])[F])[F])[F]))C1=CC=C(C=C1)[N+](=O)[O-].[Ni],-3.34836277
C4=CC5=C(C1=CC=C([N]1)C(=C2C=CC(=N2)C(=C3C=CC(=N3)C(=C4[N]5)C1=CC=C(C=C1)C#[N])C1(=C(C(=C(C(=C1[F])[F])[F])[F])[F]))C1=CC=C(C=C1)C#[N])C1(=C(C(=C(C(=C1[F])[F])[F])[F])[F]).[Co],-3.281422726
C4=CC5=C(C1=CC=C([N]1)C(=C2C=CC(=N2)C(=C3C=CC(=N3)C(=C4[N]5)C1=CC=C(C=C1Cl)[Cl])C1=CC=C(C=C1Cl)[Cl])C1=CC=C(C=C1Cl)[Cl])C1=CC=C(C=C1Cl)[Cl].[Co],-2.762229214
C4=CC5=C(C1=CC=C([N]1)C(=C2C=CC(=N2)C(=C3C=CC(=N3)C(=C4[N]5)C1=CC=C(C=C1)C)C1=CC=C(C=C1)C)C1=CC=C(C=C1)C)C1=CC=C(C=C1)C.[Co],-2.293648906
C4=CC5=C(C1=CC=C([N]1)C(=C2C=CC(=N2)C(=C3C=CC(=N3)C(=C4[N]5)C1=CC=C(C=C1)C#C)C1=CC=C(C=C1)[N](C)C)C1=CC=C(C=C1)C#C)C1=CC=C(C=C1)[N](C)C.[Mn],-2.457461534
C4=CC5=C(C1=CC=C([N]1)C(=C2C=CC(=N2)C(=C3C=CC(=N3)C(=C4[N]5)C1=CC=C(C=C1)C(C)(C)C)C1(=C(C(=C(C(=C1[F])[F])[F])[F])[F]))C1=CC=C(C=C1)C(C)(C)C)C1(=C(C(=C(C(=C1[F])[F])[F])[F])[F]).[Fe],-3.219380734
C4=CC5=C(C1=CC=C([N]1)C(=C2C=CC(=N2)C(=C3C=CC(=N3)C(=C4[N]5)C1=CC=C(C=C1)[N](C)C)C1=CC=C(C=C1)[N]([H])[H])C1=CC=C(C=C1)[N](C)C)C1=CC=C(C=C1)[N]([H])[H].[Mn],-2.236504966
C4=CC5=C(C1=CC=C([N]1)C(=C2C=CC(=N2)C(=C3C=CC(=N3)C(=C4[N]5)C1=CC=C(C=C1)[Br])C1=CC=CC(=C1)OC)C1=CC=C(C=C1)[Br])C1=CC=CC(=C1)OC.[Cu],-2.57011673
C4=CC5=C(C1=CC=C([N]1)C(=C2C=CC(=N2)C(=C3C=CC(=N3)C(=C4[N]5)C1=CC=C(C=C1)C#C)C1=CC=CC(=C1)OC)C1=CC=C(C=C1)C#C)C1=CC=CC(=C1)OC.[Ni],-2.516510272
C4=CC5=C(C1=CC=C([N]1)C(=C2C=CC(=N2)C(=C3C=CC(=N3)C(=C4[N]5)C1=CC=C(C=C1)C#[N])C1=CC=C(C=C1)[Br])C1=CC=C(C=C1)C#[N])C1=CC=C(C=C1)[Br].[Ni],-3.045499888
C4=CC5=C(C1=CC=C([N]1)C(=C2C=CC(=N2)C(=C3C=CC(=N3)C(=C4[N]5)C1=CC=C(C=C1)[Br])C1=CC=C(C=C1)OC)C1=CC=C(C=C1)[Br])C1=CC=C(C=C1)OC.[Mn],-2.67488062
C4=CC5=C(C1=CC=C([N]1)C(=C2C=CC(=N2)C(=C3C=CC(=N3)C(=C4[N]5)C1=CC=C(C=C1)OC)C1=CC=C(C=C1)[N+](=O)[O-])C1=CC=C(C=C1)OC)C1=CC=C(C=C1)[N+](=O)[O-].[Cu],-3.045227774
C4=CC5=C(C1=CC=C([N]1)C(=C2C=CC(=N2)C(=C3C=CC(=N3)C(=C4[N]5)C1=CC=C(C=C1)C#C)C1=CC=CC(=C1)OC)C1=CC=C(C=C1)C#C)C1=CC=CC(=C1)OC.[Cu],-2.526306376
C4=CC5=C(C1=CC=C([N]1)C(=C2C=CC(=N2)C(=C3C=CC(=N3)C(=C4[N]5)C1=CC=C(C=C1)C#[N])C1=CC=C(C=C1)C([F])([F])[F])C1=CC=C(C=C1)C#[N])C1=CC=C(C=C1)C([F])([F])[F].[Mn],-3.237068144
C4=CC5=C(C1=CC=C([N]1[H])C(=C2C=CC(=N2)C(=C3C=CC(N3[H])=C(C4=[N]5)C1=CC=C(C=C1)[Br])C1=CC=C(C=C1)[N+](=O)[O-])C1=CC=C(C=C1)[Br])C1=CC=C(C=C1)[N+](=O)[O-] ,-3.318974458
C4=CC5=C(C1=CC=C([N]1)C(=C2C=CC(=N2)C(=C3C=CC(=N3)C(=C4[N]5)C1=CC=CC(=C1)OC)C1=CC=CC(=C1)OC)C1=CC=CC(=C1)OC)C1=CC=CC(=C1)OC.[Co],-2.394875314
C4=CC5=C(C1=CC=C([N]1)C(=C2C=CC(=N2)C(=C3C=CC(=N3)C(=C4[N]5)C1=CC=C(C=C1)[N](C)C)C1(=C(C(=C(C(=C1[F])[F])[F])[F])[F]))C1=CC=C(C=C1)[N](C)C)C1(=C(C(=C(C(=C1[F])[F])[F])[F])[F]).[Ni],-2.68440461
C4=CC5=C(C1=CC=C([N]1)C(=C2C=CC(=N2)C(=C3C=CC(=N3)C(=C4[N]5)C1=CC=C(C=C1)[N](C)C)C1=CC=C(C=C1)OC)C1=CC=C(C=C1)[N](C)C)C1=CC=C(C=C1)OC.[Co],-2.13337376
C4=CC5=C(C1=CC=C([N]1)C(=C2C=CC(=N2)C(=C3C=CC(=N3)C(=C4[N]5)C1=C(C=CC=C1)[Cl])C1=C(C=CC=C1)[Cl])C1=C(C=CC=C1)[Cl])C1=C(C=CC=C1)[Cl].[Co],-2.46399227
C4=CC5=C(C1=CC=C([N]1)C(=C2C=CC(=N2)C(=C3C=CC(=N3)C(=C4[N]5)C1=CC=C(C=C1)C([F])([F])[F])C1=CC=CC(=C1)OC)C1=CC=C(C=C1)C([F])([F])[F])C1=CC=CC(=C1)OC.[Cu],-2.695017056
C4=CC5=C(C1=CC=C([N]1)C(=C2C=CC(=N2)C(=C3C=CC(=N3)C(=C4[N]5)C1=CC=C(C=C1)C)C1=CC=C(C=C1)C)C1=CC=C(C=C1)C)C1=CC=C(C=C1)C.[Fe],-2.83678845
C4=CC5=C(C1=CC=C([N]1)C(=C2C=CC(=N2)C(=C3C=CC(=N3)C(=C4[N]5)C1=CC=C(C=C1)C#C)C1=CC=CC(=C1)OC)C1=CC=C(C=C1)C#C)C1=CC=CC(=C1)OC.[Co],-2.464536498
C4=CC5=C(C1=CC=C([N]1[H])C(=C2C=CC(=N2)C(=C3C=CC(N3[H])=C(C4=[N]5)C1=CC=C(C=C1)[Br])C1=CC=C(C=C1)[N](C)C)C1=CC=C(C=C1)[Br])C1=CC=C(C=C1)[N](C)C ,-2.511340106
C4=CC5=C(C1=CC=C([N]1)C(=C2C=CC(=N2)C(=C3C=CC(=N3)C(=C4[N]5)C1=CC=C(C=C1)[Br])C1=CC=C(C=C1)[N](C)C)C1=CC=C(C=C1)[Br])C1=CC=C(C=C1)[N](C)C.[Ni],-2.38371864
C4=CC5=C(C1=CC=C([N]1)C(=C2C=CC(=N2)C(=C3C=CC(=N3)C(=C4[N]5)C1=CC=C(C=C1)C#C)C1=CC=C(C=C1)[N]([H])[H])C1=CC=C(C=C1)C#C)C1=CC=C(C=C1)[N]([H])[H].[Co],-2.392426288
C4=CC5=C(C1=CC=C([N]1)C(=C2C=CC(=N2)C(=C3C=CC(=N3)C(=C4[N]5)C1=CC=C(C=C1)C(=O)O)C1=CC=C(C=C1)C(=O)O)C1=CC=C(C=C1)C(=O)O)C1=CC=C(C=C1)C(=O)O.[Cu],-3.190808764
C4=CC5=C(C1=CC=C([N]1)C(=C2C=CC(=N2)C(=C3C=CC(=N3)C(=C4[N]5)C1=CC=C(C=C1)[N](C)C)C1=CC=C(C=C1)[N+](=O)[O-])C1=CC=C(C=C1)[N](C)C)C1=CC=C(C=C1)[N+](=O)[O-].[Mn],-2.943729252
C4=CC5=C(C1=CC=C([N]1)C(=C2C=CC(=N2)C(=C3C=CC(=N3)C(=C4[N]5)C1=CC=C(C=C1)C#[N])C1=CC=C(C=C1)OC)C1=CC=C(C=C1)C#[N])C1=CC=C(C=C1)OC.[Ni],-2.819917382
C4=CC5=C(C1=CC=C([N]1)C(=C2C=CC(=N2)C(=C3C=CC(=N3)C(=C4[N]5)C1=CC=C(C=C1)C#[N])C1=CC=C(C=C1)[N]([H])[H])C1=CC=C(C=C1)C#[N])C1=CC=C(C=C1)[N]([H])[H].[Mn],-2.905633292
C4=CC5=C(C1=CC=C([N]1)C(=C2C=CC(=N2)C(=C3C=CC(=N3)C(=C4[N]5)C1=CC=C(C=C1)C#C)C1=CC=C(C=C1)OC)C1=CC=C(C=C1)C#C)C1=CC=C(C=C1)OC.[Fe],-2.969035854
C4=CC5=C(C1=CC=C([N]1)C(=C2C=CC(=N2)C(=C3C=CC(=N3)C(=C4[N]5)C1=CC=C(C=C1)C#[N])C1=CC=C(C=C1)C([F])([F])[F])C1=CC=C(C=C1)C#[N])C1=CC=C(C=C1)C([F])([F])[F].[Ni],-3.13747442
C4=CC5=C(C1=CC=C([N]1)C(=C2C=CC(=N2)C(=C3C=CC(=N3)C(=C4[N]5)C1=CC=C(C=C1)[Br])C1(=C(C(=C(C(=C1[F])[F])[F])[F])[F]))C1=CC=C(C=C1)[Br])C1(=C(C(=C(C(=C1[F])[F])[F])[F])[F]).[Ni],-3.071350718
C4=CC5=C(C1=CC=C([N]1)C(=C2C=CC(=N2)C(=C3C=CC(=N3)C(=C4[N]5)C1=CC=C(C=C1)[N](C)C)C1=CC=C(C=C1)C([F])([F])[F])C1=CC=C(C=C1)[N](C)C)C1=CC=C(C=C1)C([F])([F])[F].[Co],-2.482496022
C4=CC5=C(C1=CC=C([N]1)C(=C2C=CC(=N2)C(=C3C=CC(=N3)C(=C4[N]5)C1=CC=C(C=C1)[Br])C1=CC=C(C=C1)[N]([H])[H])C1=CC=C(C=C1)[Br])C1=CC=C(C=C1)[N]([H])[H].[Cu],-2.501271888
C4=CC5=C(C1=CC=C([N]1)C(=C2C=CC(=N2)C(=C3C=CC(=N3)C(=C4[N]5)C1=CC=C(C=C1)[Br])C1=CC=C(C=C1)[N]([H])[H])C1=CC=C(C=C1)[Br])C1=CC=C(C=C1)[N]([H])[H].[Fe],-2.91706208
C4=CC5=C(C1=CC=C([N]1)C(=C2C=CC(=N2)C(=C3C=CC(=N3)C(=C4[N]5)C1=CC=C(C=C1)C#[N])C1=CC=C(C=C1)C(C)(C)C)C1=CC=C(C=C1)C#[N])C1=CC=C(C=C1)C(C)(C)C.[Fe],-3.254211326
