smiles,LUMO,pre_E_gap,HOMO,E_gap
C4=CC5=C(C1=CC=C([N]1)C(=C2C=CC(=N2)C(=C3C=CC(=N3)C(=C4[N]5)C1=CC=C(C=C1)C(=O)O)C1=CC=C(C=C1)C(=O)O)C1=CC=C(C=C1)C(=O)O)C1=CC=C(C=C1)C(=O)O.[Fe],-3.299926478,2.4985383,-5.731537182,2.431610704
C4=CC5=C(C1=CC=C([N]1)C(=C2C=CC(=N2)C(=C3C=CC(=N3)C(=C4[N]5)C1(=C(C(=C(C(=C1[F])[F])[F])[F])[F]))C1=CC=C(C=C1)[N+](=O)[O-])C1(=C(C(=C(C(=C1[F])[F])[F])[F])[F]))C1=CC=C(C=C1)[N+](=O)[O-].[Ni],-3.34836277,2.852518,-6.253451834,2.9050890639999998
C4=CC5=C(C1=CC=C([N]1)C(=C2C=CC(=N2)C(=C3C=CC(=N3)C(=C4[N]5)C1=CC=C(C=C1)C#[N])C1(=C(C(=C(C(=C1[F])[F])[F])[F])[F]))C1=CC=C(C=C1)C#[N])C1(=C(C(=C(C(=C1[F])[F])[F])[F])[F]).[Co],-3.281422726,2.8735478,-6.211546277999999,2.930123552
C4=CC5=C(C1=CC=C([N]1)C(=C2C=CC(=N2)C(=C3C=CC(=N3)C(=C4[N]5)C1=CC=C(C=C1Cl)[Cl])C1=CC=C(C=C1Cl)[Cl])C1=CC=C(C=C1Cl)[Cl])C1=CC=C(C=C1Cl)[Cl].[Co],-2.7622292139999995,2.8438418,-5.748952478,2.9867232639999997
C4=CC5=C(C1=CC=C([N]1)C(=C2C=CC(=N2)C(=C3C=CC(=N3)C(=C4[N]5)C1=CC=C(C=C1)C)C1=CC=C(C=C1)C)C1=CC=C(C=C1)C)C1=CC=C(C=C1)C.[Co],-2.293648906,2.8688776,-5.20690139,2.9132524839999996
C4=CC5=C(C1=CC=C([N]1)C(=C2C=CC(=N2)C(=C3C=CC(=N3)C(=C4[N]5)C1=CC=C(C=C1)C#C)C1=CC=C(C=C1)[N](C)C)C1=CC=C(C=C1)C#C)C1=CC=C(C=C1)[N](C)C.[Mn],-2.457461534,2.2482767,-4.9750602619999995,2.5175987280000003
C4=CC5=C(C1=CC=C([N]1)C(=C2C=CC(=N2)C(=C3C=CC(=N3)C(=C4[N]5)C1=CC=C(C=C1)C(C)(C)C)C1(=C(C(=C(C(=C1[F])[F])[F])[F])[F]))C1=CC=C(C=C1)C(C)(C)C)C1(=C(C(=C(C(=C1[F])[F])[F])[F])[F]).[Fe],-3.2193807339999996,2.521296,-5.704597896,2.485217162
C4=CC5=C(C1=CC=C([N]1)C(=C2C=CC(=N2)C(=C3C=CC(=N3)C(=C4[N]5)C1=CC=C(C=C1)[N](C)C)C1=CC=C(C=C1)[N]([H])[H])C1=CC=C(C=C1)[N](C)C)C1=CC=C(C=C1)[N]([H])[H].[Mn],-2.236504966,2.526057,-4.76743728,2.530932314
C4=CC5=C(C1=CC=C([N]1)C(=C2C=CC(=N2)C(=C3C=CC(=N3)C(=C4[N]5)C1=CC=C(C=C1)[Br])C1=CC=CC(=C1)OC)C1=CC=C(C=C1)[Br])C1=CC=CC(=C1)OC.[Cu],-2.57011673,2.841301,-5.396564848,2.826448118
C4=CC5=C(C1=CC=C([N]1)C(=C2C=CC(=N2)C(=C3C=CC(=N3)C(=C4[N]5)C1=CC=C(C=C1)C#C)C1=CC=CC(=C1)OC)C1=CC=C(C=C1)C#C)C1=CC=CC(=C1)OC.[Ni],-2.5165102719999997,2.8304713,-5.3805101220000005,2.86399985
C4=CC5=C(C1=CC=C([N]1)C(=C2C=CC(=N2)C(=C3C=CC(=N3)C(=C4[N]5)C1=CC=C(C=C1)C#[N])C1=CC=C(C=C1)[Br])C1=CC=C(C=C1)C#[N])C1=CC=C(C=C1)[Br].[Ni],-3.045499888,2.8421893,-5.897526722,2.8520268339999997
C4=CC5=C(C1=CC=C([N]1)C(=C2C=CC(=N2)C(=C3C=CC(=N3)C(=C4[N]5)C1=CC=C(C=C1)[Br])C1=CC=C(C=C1)OC)C1=CC=C(C=C1)[Br])C1=CC=C(C=C1)OC.[Mn],-2.67488062,2.709531,-5.358196774,2.683316154
C4=CC5=C(C1=CC=C([N]1)C(=C2C=CC(=N2)C(=C3C=CC(=N3)C(=C4[N]5)C1=CC=C(C=C1)OC)C1=CC=C(C=C1)[N+](=O)[O-])C1=CC=C(C=C1)OC)C1=CC=C(C=C1)[N+](=O)[O-].[Cu],-3.0452277739999998,2.633887,-5.647181842,2.601954068
C4=CC5=C(C1=CC=C([N]1)C(=C2C=CC(=N2)C(=C3C=CC(=N3)C(=C4[N]5)C1=CC=C(C=C1)C#C)C1=CC=CC(=C1)OC)C1=CC=C(C=C1)C#C)C1=CC=CC(=C1)OC.[Cu],-2.526306376,2.822463,-5.340509364,2.814202988
C4=CC5=C(C1=CC=C([N]1)C(=C2C=CC(=N2)C(=C3C=CC(=N3)C(=C4[N]5)C1=CC=C(C=C1)C#[N])C1=CC=C(C=C1)C([F])([F])[F])C1=CC=C(C=C1)C#[N])C1=CC=C(C=C1)C([F])([F])[F].[Mn],-3.2370681439999998,2.767666,-6.01235883,2.7752906860000004
C4=CC5=C(C1=CC=C([N]1[H])C(=C2C=CC(=N2)C(=C3C=CC(N3[H])=C(C4=[N]5)C1=CC=C(C=C1)[Br])C1=CC=C(C=C1)[N+](=O)[O-])C1=CC=C(C=C1)[Br])C1=CC=C(C=C1)[N+](=O)[O-] ,-3.318974458,2.3584285,-5.8504510000000005,2.531476542
C4=CC5=C(C1=CC=C([N]1)C(=C2C=CC(=N2)C(=C3C=CC(=N3)C(=C4[N]5)C1=CC=CC(=C1)OC)C1=CC=CC(=C1)OC)C1=CC=CC(=C1)OC)C1=CC=CC(=C1)OC.[Co],-2.394875314,2.843219,-5.320645042,2.925769728
C4=CC5=C(C1=CC=C([N]1)C(=C2C=CC(=N2)C(=C3C=CC(=N3)C(=C4[N]5)C1=CC=C(C=C1)[N](C)C)C1(=C(C(=C(C(=C1[F])[F])[F])[F])[F]))C1=CC=C(C=C1)[N](C)C)C1(=C(C(=C(C(=C1[F])[F])[F])[F])[F]).[Ni],-2.68440461,2.6632547,-5.30486243,2.62045782
C4=CC5=C(C1=CC=C([N]1)C(=C2C=CC(=N2)C(=C3C=CC(=N3)C(=C4[N]5)C1=CC=C(C=C1)[N](C)C)C1=CC=C(C=C1)OC)C1=CC=C(C=C1)[N](C)C)C1=CC=C(C=C1)OC.[Co],-2.13337376,2.7468276,-4.915467296,2.782093536
C4=CC5=C(C1=CC=C([N]1)C(=C2C=CC(=N2)C(=C3C=CC(=N3)C(=C4[N]5)C1=C(C=CC=C1)[Cl])C1=C(C=CC=C1)[Cl])C1=C(C=CC=C1)[Cl])C1=C(C=CC=C1)[Cl].[Co],-2.46399227,2.8947904,-5.462144322,2.998152052
C4=CC5=C(C1=CC=C([N]1)C(=C2C=CC(=N2)C(=C3C=CC(=N3)C(=C4[N]5)C1=CC=C(C=C1)C([F])([F])[F])C1=CC=CC(=C1)OC)C1=CC=C(C=C1)C([F])([F])[F])C1=CC=CC(=C1)OC.[Cu],-2.695017056,2.8216035,-5.525546884,2.830529828
C4=CC5=C(C1=CC=C([N]1)C(=C2C=CC(=N2)C(=C3C=CC(=N3)C(=C4[N]5)C1=CC=C(C=C1)C)C1=CC=C(C=C1)C)C1=CC=C(C=C1)C)C1=CC=C(C=C1)C.[Fe],-2.83678845,2.3770075,-5.183499586,2.346711136
C4=CC5=C(C1=CC=C([N]1)C(=C2C=CC(=N2)C(=C3C=CC(=N3)C(=C4[N]5)C1=CC=C(C=C1)C#C)C1=CC=CC(=C1)OC)C1=CC=C(C=C1)C#C)C1=CC=CC(=C1)OC.[Co],-2.464536498,2.8359563,-5.348944898,2.8844084
C4=CC5=C(C1=CC=C([N]1[H])C(=C2C=CC(=N2)C(=C3C=CC(N3[H])=C(C4=[N]5)C1=CC=C(C=C1)[Br])C1=CC=C(C=C1)[N](C)C)C1=CC=C(C=C1)[Br])C1=CC=C(C=C1)[N](C)C ,-2.511340106,2.3799226,-4.972067008,2.4607269019999998
C4=CC5=C(C1=CC=C([N]1)C(=C2C=CC(=N2)C(=C3C=CC(=N3)C(=C4[N]5)C1=CC=C(C=C1)[Br])C1=CC=C(C=C1)[N](C)C)C1=CC=C(C=C1)[Br])C1=CC=C(C=C1)[N](C)C.[Ni],-2.38371864,2.643497,-5.090980826,2.7072621860000003
C4=CC5=C(C1=CC=C([N]1)C(=C2C=CC(=N2)C(=C3C=CC(=N3)C(=C4[N]5)C1=CC=C(C=C1)C#C)C1=CC=C(C=C1)[N]([H])[H])C1=CC=C(C=C1)C#C)C1=CC=C(C=C1)[N]([H])[H].[Co],-2.3924262880000002,2.759322,-5.183499586,2.791073298
C4=CC5=C(C1=CC=C([N]1)C(=C2C=CC(=N2)C(=C3C=CC(=N3)C(=C4[N]5)C1=CC=C(C=C1)C(=O)O)C1=CC=C(C=C1)C(=O)O)C1=CC=C(C=C1)C(=O)O)C1=CC=C(C=C1)C(=O)O.[Cu],-3.190808764,2.8145292,-6.044740396,2.8539316319999997
C4=CC5=C(C1=CC=C([N]1)C(=C2C=CC(=N2)C(=C3C=CC(=N3)C(=C4[N]5)C1=CC=C(C=C1)[N](C)C)C1=CC=C(C=C1)[N+](=O)[O-])C1=CC=C(C=C1)[N](C)C)C1=CC=C(C=C1)[N+](=O)[O-].[Mn],-2.943729252,2.3285427,-5.322821954,2.379092702
C4=CC5=C(C1=CC=C([N]1)C(=C2C=CC(=N2)C(=C3C=CC(=N3)C(=C4[N]5)C1=CC=C(C=C1)C#[N])C1=CC=C(C=C1)OC)C1=CC=C(C=C1)C#[N])C1=CC=C(C=C1)OC.[Ni],-2.819917382,2.821455,-5.601194576,2.781277194
C4=CC5=C(C1=CC=C([N]1)C(=C2C=CC(=N2)C(=C3C=CC(=N3)C(=C4[N]5)C1=CC=C(C=C1)C#[N])C1=CC=C(C=C1)[N]([H])[H])C1=CC=C(C=C1)C#[N])C1=CC=C(C=C1)[N]([H])[H].[Mn],-2.905633292,2.355526,-5.447178052000001,2.54154476
C4=CC5=C(C1=CC=C([N]1)C(=C2C=CC(=N2)C(=C3C=CC(=N3)C(=C4[N]5)C1=CC=C(C=C1)C#C)C1=CC=C(C=C1)OC)C1=CC=C(C=C1)C#C)C1=CC=C(C=C1)OC.[Fe],-2.969035854,2.3195133,-5.281460626,2.312424772
C4=CC5=C(C1=CC=C([N]1)C(=C2C=CC(=N2)C(=C3C=CC(=N3)C(=C4[N]5)C1=CC=C(C=C1)C#[N])C1=CC=C(C=C1)C([F])([F])[F])C1=CC=C(C=C1)C#[N])C1=CC=C(C=C1)C([F])([F])[F].[Ni],-3.13747442,2.8630686,-6.022971276,2.885496856
C4=CC5=C(C1=CC=C([N]1)C(=C2C=CC(=N2)C(=C3C=CC(=N3)C(=C4[N]5)C1=CC=C(C=C1)[Br])C1(=C(C(=C(C(=C1[F])[F])[F])[F])[F]))C1=CC=C(C=C1)[Br])C1(=C(C(=C(C(=C1[F])[F])[F])[F])[F]).[Ni],-3.071350718,2.852278,-5.969909046000001,2.898558328
C4=CC5=C(C1=CC=C([N]1)C(=C2C=CC(=N2)C(=C3C=CC(=N3)C(=C4[N]5)C1=CC=C(C=C1)[N](C)C)C1=CC=C(C=C1)C([F])([F])[F])C1=CC=C(C=C1)[N](C)C)C1=CC=C(C=C1)C([F])([F])[F].[Co],-2.482496022,2.6842067,-5.173703482,2.69120746
C4=CC5=C(C1=CC=C([N]1)C(=C2C=CC(=N2)C(=C3C=CC(=N3)C(=C4[N]5)C1=CC=C(C=C1)[Br])C1=CC=C(C=C1)[N]([H])[H])C1=CC=C(C=C1)[Br])C1=CC=C(C=C1)[N]([H])[H].[Cu],-2.501271888,2.8154635,-5.214520582,2.713248694
C4=CC5=C(C1=CC=C([N]1)C(=C2C=CC(=N2)C(=C3C=CC(=N3)C(=C4[N]5)C1=CC=C(C=C1)[Br])C1=CC=C(C=C1)[N]([H])[H])C1=CC=C(C=C1)[Br])C1=CC=C(C=C1)[N]([H])[H].[Fe],-2.91706208,2.3169734,-5.214520582,2.297458502
C4=CC5=C(C1=CC=C([N]1)C(=C2C=CC(=N2)C(=C3C=CC(=N3)C(=C4[N]5)C1=CC=C(C=C1)C#[N])C1=CC=C(C=C1)C(C)(C)C)C1=CC=C(C=C1)C#[N])C1=CC=C(C=C1)C(C)(C)C.[Fe],-3.254211326,2.3656552,-5.622963696,2.36875237
